TestCase,PostgreSQL_11_10m,PostgreSQL_LTS_10m,PostgreSQL_11_1m,PostgreSQL_LTS_1m,PostgreSQL_11_500k,PostgreSQL_LTS_500k
c1_insert_user,0.0010767666705457184,0.0014521666671498679,0.0017226666653490004,0.0011426999966109481,0.0014217999972364244,0.0014412666690380622
r1_read_user_by_email,0.0007256666673735405,0.0009841666687862016,0.0006504999958754828,0.0007073666686968257,0.000667566666379571,0.003982866667987158
