TestCase,PostgreSQL_11_10m,PostgreSQL_LTS_10m,PostgreSQL_11_1m,PostgreSQL_LTS_1m,PostgreSQL_11_500k,PostgreSQL_LTS_500k
c1_insert_user,0.0007365000019490253,0.0005445999995572492,0.0008740000012039673,0.002368399997067172,0.002323400000022957,0.002103899998473935
r1_read_user_by_email,0.0007060999996610917,0.0005870000022696331,0.0006013999991409946,0.0007632999986526556,0.000891399999090936,0.009281900001951726
